{
  "name": "angular-animate",
  "version": "1.4.8",
  "main": "./angular-animate.js",
  "ignore": [],
  "dependencies": {
    "angular": "1.4.8"
  },
  "homepage": "https://github.com/angular/bower-angular-animate",
  "_release": "1.4.8",
  "_resolution": {
    "type": "version",
    "tag": "v1.4.8",
    "commit": "cc1d9740059f5e8fd43abf0e2e80695d43b3b6b1"
  },
  "_source": "git://github.com/angular/bower-angular-animate.git",
  "_target": "^1.3.0 || >1.4.0-beta.0",
  "_originalSource": "angular-animate"
}