{
	"IcoMoonType": "selection",
	"icons": [
		{
			"icon": {
				"paths": [
					"M128 256h768v86h-768v-86zM128 554v-84h768v84h-768zM128 768v-86h768v86h-768z"
				],
				"attrs": [
					{}
				],
				"isMulticolor": false,
				"tags": [
					"menu"
				],
				"defaultCode": 57870,
				"grid": 24
			},
			"attrs": [
				{}
			],
			"properties": {
				"order": 2,
				"id": 526,
				"prevSize": 24,
				"code": 57870,
				"name": "menu",
				"ligatures": "menu"
			},
			"setIdx": 0,
			"setId": 0,
			"iconIdx": 526
		},
		{
			"icon": {
				"paths": [
					"M512 662q62 0 106-44t44-106-44-106-106-44-106 44-44 106 44 106 106 44zM830 554l90 70q14 10 4 28l-86 148q-8 14-26 8l-106-42q-42 30-72 42l-16 112q-4 18-20 18h-172q-16 0-20-18l-16-112q-38-16-72-42l-106 42q-18 6-26-8l-86-148q-10-18 4-28l90-70q-2-14-2-42t2-42l-90-70q-14-10-4-28l86-148q8-14 26-8l106 42q42-30 72-42l16-112q4-18 20-18h172q16 0 20 18l16 112q38 16 72 42l106-42q18-6 26 8l86 148q10 18-4 28l-90 70q2 14 2 42t-2 42z"
				],
				"attrs": [
					{}
				],
				"isMulticolor": false,
				"tags": [
					"settings"
				],
				"defaultCode": 58059,
				"grid": 24
			},
			"attrs": [
				{}
			],
			"properties": {
				"order": 1,
				"id": 715,
				"prevSize": 24,
				"code": 58059,
				"name": "settings",
				"ligatures": "settings"
			},
			"setIdx": 0,
			"setId": 0,
			"iconIdx": 715
		}
	],
	"height": 1024,
	"metadata": {
		"name": "Smarc"
	},
	"preferences": {
		"showGlyphs": true,
		"showCodes": true,
		"showQuickUse": true,
		"showQuickUse2": true,
		"showSVGs": true,
		"fontPref": {
			"prefix": "smarc-",
			"metadata": {
				"fontFamily": "Smarc",
				"majorVersion": 1,
				"minorVersion": 0
			},
			"metrics": {
				"emSize": 1024,
				"baseline": 6.25,
				"whitespace": 50
			},
			"embed": false
		},
		"imagePref": {
			"prefix": "icon-",
			"png": true,
			"useClassSelector": true,
			"color": 4473924,
			"bgColor": 16777215
		},
		"historySize": 100
	}
}